Workbook

Sheet STOCK_SISTEMA
A1: Referencia Interna | B1: Producto | C1: Número de lote | D1: Fecha de caducidad | E1: Lugar | F1: Cantidad inventariada | G1: Unidad de Medida | H1: Código de barras producto | I1: Clave de búsqueda | J1: Activo
A2: EE10005 | B2: [EE10005] CAJA MASTER TIYAPUY CAFÉ # 5 X UND | C2: 16/25 | D2: 46387 | E2: SF-03/Materiales | F2: 80 | G2: Unidades | I2: =IF(A2="","",A2&"|"&C2) -> EE10005|16/25 | J2: =IF(A2<>"","SÍ","NO") -> SÍ
A3: EE10073 | B3: [EE10073] CINTA DE EMBALAJE 2" X 110 YD X ROLLO | E3: SF-03/Materiales | F3: 462.7654 | G3: Unidades | I3: =IF(A3="","",A3&"|"&C3) -> EE10073| | J3: =IF(A3<>"","SÍ","NO") -> SÍ
A4: EE10072 | B4: [EE10072] ETIQUETA BLANCA CAJA TT-50MMx100MM 1C-T1x1000 | E4: SF-03/Materiales | F4: 223 | G4: Unidades | I4: =IF(A4="","",A4&"|"&C4) -> EE10072| | J4: =IF(A4<>"","SÍ","NO") -> SÍ
A5: EE10071 | B5: [EE10071] ETIQUETA DE FECHAS TT-17 MMx23MM X ROLLO | E5: SF-03/Materiales | F5: 16 | G5: Unidades | I5: =IF(A5="","",A5&"|"&C5) -> EE10071| | J5: =IF(A5<>"","SÍ","NO") -> SÍ
A6: EE10076 | B6: [EE10076] RIBBON 110MMx300MTS NEGRO CERA OUT | E6: SF-03/Materiales | F6: 86.6136 | G6: Unidades | I6: =IF(A6="","",A6&"|"&C6) -> EE10076| | J6: =IF(A6<>"","SÍ","NO") -> SÍ
A7: EE10078 | B7: [EE10078] CINTA 1" X 110 YD TRANSPARENTE X ROLLO | E7: SF-03/Materiales | F7: 156.658 | G7: Unidades | I7: =IF(A7="","",A7&"|"&C7) -> EE10078| | J7: =IF(A7<>"","SÍ","NO") -> SÍ
A8: EE10115 | B8: [EE10115] CINTA CODIFICADORA TERMOIMPRESIÓN X ROLLO 34MM X 600M | E8: SF-03/Materiales | F8: 2.8078 | G8: Unidades | I8: =IF(A8="","",A8&"|"&C8) -> EE10115| | J8: =IF(A8<>"","SÍ","NO") -> SÍ
A9: EE10079 | B9: [EE10079] CINTILLOS TIRA 1.7CM X 43.5CM X UND | E9: SF-03/Materiales | F9: 690000 | G9: Unidades | I9: =IF(A9="","",A9&"|"&C9) -> EE10079| | J9: =IF(A9<>"","SÍ","NO") -> SÍ
A10: EE10120 | B10: [EE10120] CINTILLOS TIRA 1.7CM X 50 CM X UND | E10: SF-03/Materiales | F10: 20000 | G10: Unidades | I10: =IF(A10="","",A10&"|"&C10) -> EE10120| | J10: =IF(A10<>"","SÍ","NO") -> SÍ
A11: EE10010 | B11: [EE10010] CAJITA CAFÉ 86 PTOS ORG X UND | C11: INFORME 20 | D11: 46387.735 | E11: SF-03/Materiales | F11: 800 | G11: Unidades | I11: =IF(A11="","",A11&"|"&C11) -> EE10010|INFORME 20 | J11: =IF(A11<>"","SÍ","NO") -> SÍ
A12: EE10010 | B12: [EE10010] CAJITA CAFÉ 86 PTOS ORG X UND | C12: INFORME 31 | D12: 46387.676 | E12: SF-03/Materiales | F12: 600 | G12: Unidades | I12: =IF(A12="","",A12&"|"&C12) -> EE10010|INFORME 31 | J12: =IF(A12<>"","SÍ","NO") -> SÍ
A13: EE10008 | B13: [EE10008] CAJA MASTER TIYAPUY QUINUA GRANO # 8 X UND | C13: INFORME 33 | E13: SF-03/Materiales | F13: 625 | G13: Unidades | I13: =IF(A13="","",A13&"|"&C13) -> EE10008|INFORME 33 | J13: =IF(A13<>"","SÍ","NO") -> SÍ
A14: EE10137 | B14: [EE10137] CINTA CODIFICADORA TERMOIMPRESIÓN X ROLLO 33MM X 700M | E14: SF-03/Materiales | F14: 25.807 | G14: Unidades | I14: =IF(A14="","",A14&"|"&C14) -> EE10137| | J14: =IF(A14<>"","SÍ","NO") -> SÍ
A15: EE10140 | B15: [EE10140] LAMINA TIYAPUY NATIVA MIX 160GR ESPAÑA X KG | C15: INFORME 39 | D15: 46203.696 | E15: SF-03/Materiales | F15: 282.72 | G15: Kilogramo | I15: =IF(A15="","",A15&"|"&C15) -> EE10140|INFORME 39 | J15: =IF(A15<>"","SÍ","NO") -> SÍ
A16: EE10141 | B16: [EE10141] LAMINA TIYAPUY AMARILLA 160GR ESPAÑA X KG | C16: INFORME 21 | D16: 45771.696 | E16: SF-03/Materiales | F16: 438.2 | G16: Kilogramo | I16: =IF(A16="","",A16&"|"&C16) -> EE10141|INFORME 21 | J16: =IF(A16<>"","SÍ","NO") -> SÍ
A17: EE10074 | B17: [EE10074] CINTAS SNACK 36MM X 200 M X ROLLO | E17: SF-03/Materiales | F17: 800.336 | G17: Unidades | I17: =IF(A17="","",A17&"|"&C17) -> EE10074| | J17: =IF(A17<>"","SÍ","NO") -> SÍ
A18: EE10154 | B18: [EE10154] BOLSA DE POLIETILENO ANCHO 26"x ALTO 59"x1.5 MIC ALTA NATURAL C/FUELLE 2" | C18: LOTE 509 | D18: 46037.488 | E18: SF-03/Materiales | F18: 1450 | G18: Unidades | I18: =IF(A18="","",A18&"|"&C18) -> EE10154|LOTE 509 | J18: =IF(A18<>"","SÍ","NO") -> SÍ
A19: EE10056 | B19: [EE10056] BOLSA TIYAPUY SUPERPACK 142GR X UND | C19: 02/25 | E19: SF-03/Materiales | F19: 300 | G19: Unidades | I19: =IF(A19="","",A19&"|"&C19) -> EE10056|02/25 | J19: =IF(A19<>"","SÍ","NO") -> SÍ
A20: EE10056 | B20: [EE10056] BOLSA TIYAPUY SUPERPACK 142GR X UND | C20: 01/25 | E20: SF-03/Materiales | F20: 5500 | G20: Unidades | I20: =IF(A20="","",A20&"|"&C20) -> EE10056|01/25 | J20: =IF(A20<>"","SÍ","NO") -> SÍ
A21: EE10159 | B21: [EE10159] LAMINA RIKY TOK 155 GR PAPAS HILO X KG | C21: INFORME 02/25 | E21: SF-03/Materiales | F21: 1085 | G21: Kilogramo | I21: =IF(A21="","",A21&"|"&C21) -> EE10159|INFORME 02/25 | J21: =IF(A21<>"","SÍ","NO") -> SÍ
A22: EE10165 | B22: [EE10165] PALLET LIVIANA 1.2MX1M EXPORTACION | E22: SF-03/Materiales | F22: 194.4 | G22: Unidades | I22: =IF(A22="","",A22&"|"&C22) -> EE10165| | J22: =IF(A22<>"","SÍ","NO") -> SÍ
A23: EE10154 | B23: [EE10154] BOLSA DE POLIETILENO ANCHO 26"x ALTO 59"x1.5 MIC ALTA NATURAL C/FUELLE 2" | C23: LOTE 692 | E23: SF-03/Materiales | F23: 3200 | G23: Unidades | I23: =IF(A23="","",A23&"|"&C23) -> EE10154|LOTE 692 | J23: =IF(A23<>"","SÍ","NO") -> SÍ
A24: EE10177 | B24: [EE10177] PALLET EURO LIVIANA 0.8MX1.2M EXPORTACION | E24: SF-03/Materiales | F24: 45 | G24: Unidades | I24: =IF(A24="","",A24&"|"&C24) -> EE10177| | J24: =IF(A24<>"","SÍ","NO") -> SÍ
A25: EE10149-2 | B25: [EE10149-2] STICKERS RIKYTOK PARA LAMINA CONG SIN IMPRESION PEBD 1KG | E25: SF-03/Materiales | F25: 20350 | G25: Unidades | I25: =IF(A25="","",A25&"|"&C25) -> EE10149-2| | J25: =IF(A25<>"","SÍ","NO") -> SÍ
A26: EE10146 | B26: [EE10146] LAMINA TIYAPUY AMARILLA PICANTE 142GR CONV MEXICO X KG | C26: INFORME 02/25 | D26: 46137.619 | E26: SF-03/Materiales | F26: 351.7024 | G26: Kilogramo | I26: =IF(A26="","",A26&"|"&C26) -> EE10146|INFORME 02/25 | J26: =IF(A26<>"","SÍ","NO") -> SÍ
A27: EE10088-1 | B27: [EE10088-1] LAMINA TIYAPUY NATIVA MIX 40GR ORG MEXICO X KG | C27: INFORME 05/25 | D27: 46203.624 | E27: SF-03/Materiales | F27: 53.75 | G27: Kilogramo | I27: =IF(A27="","",A27&"|"&C27) -> EE10088-1|INFORME 05/25 | J27: =IF(A27<>"","SÍ","NO") -> SÍ
A28: EE10047 | B28: [EE10047] LAMINA RIKY TOK 30 GR ONDA PICANTE X KG | C28: INFORME 05/25 | D28: 45835.699 | E28: SF-03/Cuarentena | F28: 52 | G28: Kilogramo | I28: =IF(A28="","",A28&"|"&C28) -> EE10047|INFORME 05/25 | J28: =IF(A28<>"","SÍ","NO") -> SÍ
A29: EE10004 | B29: [EE10004] CAJA MASTER TIYAPUY AMAZON # 4 X UND | C29: LT-SF-AGR | D29: 46387 | E29: SF-03/Materiales | F29: 2625 | G29: Unidades | I29: =IF(A29="","",A29&"|"&C29) -> EE10004|LT-SF-AGR | J29: =IF(A29<>"","SÍ","NO") -> SÍ
A30: EE10092 | B30: [EE10092] BOLSA LAMINADA CAFÉ UNAKA C/FUELLE C/SELLOS 200g | C30: INFORME 10 | D30: 46387.792 | E30: SF-03/Materiales | F30: 333 | G30: Unidades | I30: =IF(A30="","",A30&"|"&C30) -> EE10092|INFORME 10 | J30: =IF(A30<>"","SÍ","NO") -> SÍ
A31: EE10092 | B31: [EE10092] BOLSA LAMINADA CAFÉ UNAKA C/FUELLE C/SELLOS 200g | C31: INFORME 11 | D31: 46387.792 | E31: SF-03/Materiales | F31: 2200 | G31: Unidades | I31: =IF(A31="","",A31&"|"&C31) -> EE10092|INFORME 11 | J31: =IF(A31<>"","SÍ","NO") -> SÍ
A32: EE10092 | B32: [EE10092] BOLSA LAMINADA CAFÉ UNAKA C/FUELLE C/SELLOS 200g | C32: INFORME 8 | D32: 46387.792 | E32: SF-03/Materiales | F32: 2800 | G32: Unidades | I32: =IF(A32="","",A32&"|"&C32) -> EE10092|INFORME 8 | J32: =IF(A32<>"","SÍ","NO") -> SÍ
A33: EE10158 | B33: [EE10158] LAMINA RIKY TOK 45 GR PAPAS HILO X KG | C33: INFORME 04/25 | D33: 46152.412 | E33: SF-03/Materiales | F33: 188.877 | G33: Kilogramo | I33: =IF(A33="","",A33&"|"&C33) -> EE10158|INFORME 04/25 | J33: =IF(A33<>"","SÍ","NO") -> SÍ
A34: EE10181 | B34: [EE10181] STICKERS TIYAPUY PARA LAMINA CONG SIN IMPRESION PEBD 2.5KG | C34: INFORME 21/25 | D34: 46387.52 | E34: SF-03/Materiales | F34: 15000 | G34: Unidades | I34: =IF(A34="","",A34&"|"&C34) -> EE10181|INFORME 21/25 | J34: =IF(A34<>"","SÍ","NO") -> SÍ
A35: EE10158 | B35: [EE10158] LAMINA RIKY TOK 45 GR PAPAS HILO X KG | C35: INFORME 06/25 | D35: 46162.962 | E35: SF-03/Materiales | F35: 667.14 | G35: Kilogramo | I35: =IF(A35="","",A35&"|"&C35) -> EE10158|INFORME 06/25 | J35: =IF(A35<>"","SÍ","NO") -> SÍ
A36: EE10121 | B36: [EE10121] LAMINA TIYAPUY AMARILLA 142 GR CONVENCIONAL X KG | C36: INFORME 10/25 | D36: 46169.474 | E36: SF-03/Materiales | F36: 337.29 | G36: Kilogramo | I36: =IF(A36="","",A36&"|"&C36) -> EE10121|INFORME 10/25 | J36: =IF(A36<>"","SÍ","NO") -> SÍ
A37: EE10097 | B37: [EE10097] PALLET EAN 1.2MX1M EXPORTACION | E37: SF-03/Materiales | F37: 76 | G37: Unidades | I37: =IF(A37="","",A37&"|"&C37) -> EE10097| | J37: =IF(A37<>"","SÍ","NO") -> SÍ
A38: EE10025 | B38: [EE10025] LAMINA TIYAPUY NATIVA MIX 30GR CONVENCIONAL X KG | C38: INFORME 03/25 | D38: 45921.696 | E38: SF-03/Cuarentena | F38: 4 | G38: Kilogramo | I38: =IF(A38="","",A38&"|"&C38) -> EE10025|INFORME 03/25 | J38: =IF(A38<>"","SÍ","NO") -> SÍ
A39: EE10047 | B39: [EE10047] LAMINA RIKY TOK 30 GR ONDA PICANTE X KG | C39: INFORME 06/25 | D39: 45855.7 | E39: SF-03/Cuarentena | F39: 199.4 | G39: Kilogramo | I39: =IF(A39="","",A39&"|"&C39) -> EE10047|INFORME 06/25 | J39: =IF(A39<>"","SÍ","NO") -> SÍ
A40: EE10158 | B40: [EE10158] LAMINA RIKY TOK 45 GR PAPAS HILO X KG | C40: INFORME 07/25 | D40: 46001.465 | E40: SF-03/Materiales | F40: 861.73 | G40: Kilogramo | I40: =IF(A40="","",A40&"|"&C40) -> EE10158|INFORME 07/25 | J40: =IF(A40<>"","SÍ","NO") -> SÍ
A41: EE10060 | B41: [EE10060] DOYPACK PET/PEBD - TIYAPUY QUINUA ORG BLANCA 340 GR X UND | C41: INFORME 01/25 | D41: 46752.472 | E41: SF-03/Materiales | F41: 2500 | G41: Unidades | I41: =IF(A41="","",A41&"|"&C41) -> EE10060|INFORME 01/25 | J41: =IF(A41<>"","SÍ","NO") -> SÍ
A42: EE10062 | B42: [EE10062] DOYPACK PET/PEBD - TIYAPUY QUINUA ORG TRICOLOR 340 GR X UND | C42: INFORME 02/25 | D42: 46752.473 | E42: SF-03/Materiales | F42: 3000 | G42: Unidades | I42: =IF(A42="","",A42&"|"&C42) -> EE10062|INFORME 02/25 | J42: =IF(A42<>"","SÍ","NO") -> SÍ
A43: EE10081 | B43: [EE10081] BOLSA LAMINADA SIN TEXTOS 16 cm CAFÉ 60g | C43: INFORME 01/25 | D43: 46387.512 | E43: SF-03/Materiales | F43: 27100 | G43: Unidades | I43: =IF(A43="","",A43&"|"&C43) -> EE10081|INFORME 01/25 | J43: =IF(A43<>"","SÍ","NO") -> SÍ
A44: EE10015 | B44: [EE10015] LAMINA TIYAPUY AMARILLA 30GR CONVENCIONAL X KG | C44: INFORME 13/25 | D44: 46177.963 | E44: SF-03/Materiales | F44: 1128.92 | G44: Kilogramo | I44: =IF(A44="","",A44&"|"&C44) -> EE10015|INFORME 13/25 | J44: =IF(A44<>"","SÍ","NO") -> SÍ
A45: EE10121 | B45: [EE10121] LAMINA TIYAPUY AMARILLA 142 GR CONVENCIONAL X KG | C45: INFORME 14/25 | D45: 46186.964 | E45: SF-03/Materiales | F45: 220.06 | G45: Kilogramo | I45: =IF(A45="","",A45&"|"&C45) -> EE10121|INFORME 14/25 | J45: =IF(A45<>"","SÍ","NO") -> SÍ
A46: EE10122 | B46: [EE10122] LAMINA TIYAPUY AMARILLA PICANTE 142 GR CONVENCIONAL X KG | C46: INFORME 04/25 | D46: 46186.964 | E46: SF-03/Materiales | F46: 181.43 | G46: Kilogramo | I46: =IF(A46="","",A46&"|"&C46) -> EE10122|INFORME 04/25 | J46: =IF(A46<>"","SÍ","NO") -> SÍ
A47: EE10007 | B47: [EE10007] CAJA MASTER TIYAPUY P/LATA + 1 SEPARADOR + 4 DIVISORES # 7 X UND | C47: INFORME 17/25 | D47: 46752.971 | E47: SF-03/Materiales | F47: 2381 | G47: Unidades | I47: =IF(A47="","",A47&"|"&C47) -> EE10007|INFORME 17/25 | J47: =IF(A47<>"","SÍ","NO") -> SÍ
A48: EE10128 | B48: [EE10128] LAMINA TIYAPUY C/TRAMA 120 GR LA MAR X KG | C48: INFORME 02/25 | D48: 46222.608 | E48: SF-03/Materiales | F48: 69.002 | G48: Kilogramo | I48: =IF(A48="","",A48&"|"&C48) -> EE10128|INFORME 02/25 | J48: =IF(A48<>"","SÍ","NO") -> SÍ
A49: EE10022 | B49: [EE10022] LAMINA TIYAPUY AMARILLA PICANTE 30GR X KG | C49: INFORME 05/25 | D49: 46014.562 | E49: SF-03/Materiales | F49: 703 | G49: Kilogramo | I49: =IF(A49="","",A49&"|"&C49) -> EE10022|INFORME 05/25 | J49: =IF(A49<>"","SÍ","NO") -> SÍ
A50: EE10029-1 | B50: [EE10029-1] LAMINA TIYAPUY NATIVA MIX 160GR ORG MEXICO X KG | C50: INFORME 13/25 | E50: SF-03/Materiales | F50: 285.4 | G50: Kilogramo | I50: =IF(A50="","",A50&"|"&C50) -> EE10029-1|INFORME 13/25 | J50: =IF(A50<>"","SÍ","NO") -> SÍ
A51: EE10122 | B51: [EE10122] LAMINA TIYAPUY AMARILLA PICANTE 142 GR CONVENCIONAL X KG | C51: INFORME 06/25 | D51: 46016.456 | E51: SF-03/Materiales | F51: 712.735 | G51: Kilogramo | I51: =IF(A51="","",A51&"|"&C51) -> EE10122|INFORME 06/25 | J51: =IF(A51<>"","SÍ","NO") -> SÍ
A52: EE10015 | B52: [EE10015] LAMINA TIYAPUY AMARILLA 30GR CONVENCIONAL X KG | C52: INFORME 15/25 | D52: 46201.563 | E52: SF-03/Materiales | F52: 1188.6 | G52: Kilogramo | I52: =IF(A52="","",A52&"|"&C52) -> EE10015|INFORME 15/25 | J52: =IF(A52<>"","SÍ","NO") -> SÍ
A53: EE10098 | B53: [EE10098] PALLET EURO 0.8MX1.2M EXPORTACION | E53: SF-03/Materiales | F53: 42 | G53: Unidades | I53: =IF(A53="","",A53&"|"&C53) -> EE10098| | J53: =IF(A53<>"","SÍ","NO") -> SÍ
A54: EE10088-1 | B54: [EE10088-1] LAMINA TIYAPUY NATIVA MIX 40GR ORG MEXICO X KG | C54: INFORME 14/25 | D54: 46295.683 | E54: SF-03/Materiales | F54: 34.26 | G54: Kilogramo | I54: =IF(A54="","",A54&"|"&C54) -> EE10088-1|INFORME 14/25 | J54: =IF(A54<>"","SÍ","NO") -> SÍ
A55: EE10087-1 | B55: [EE10087-1] LAMINA TIYAPUY AMARILLA 40GR ORG MEXICO X KG | C55: INFORME 16/25 | D55: 46199.683 | E55: SF-03/Materiales | F55: 71.48 | G55: Kilogramo | I55: =IF(A55="","",A55&"|"&C55) -> EE10087-1|INFORME 16/25 | J55: =IF(A55<>"","SÍ","NO") -> SÍ
A56: EE10088-1 | B56: [EE10088-1] LAMINA TIYAPUY NATIVA MIX 40GR ORG MEXICO X KG | C56: INFORME 15/25 | D56: 46199.684 | E56: SF-03/Materiales | F56: 334.88 | G56: Kilogramo | I56: =IF(A56="","",A56&"|"&C56) -> EE10088-1|INFORME 15/25 | J56: =IF(A56<>"","SÍ","NO") -> SÍ
A57: EE10087-1 | B57: [EE10087-1] LAMINA TIYAPUY AMARILLA 40GR ORG MEXICO X KG | C57: INFORME 17/25 | D57: 46199.685 | E57: SF-03/Materiales | F57: 339.16 | G57: Kilogramo | I57: =IF(A57="","",A57&"|"&C57) -> EE10087-1|INFORME 17/25 | J57: =IF(A57<>"","SÍ","NO") -> SÍ
A58: EE10188 | B58: [EE10188] LAMINA TIYAPUY JALAPEÑO 40G CNV MEXICO X KG | C58: INFORME 08/25 | D58: 46199.686 | E58: SF-03/Materiales | F58: 385.052 | G58: Kilogramo | I58: =IF(A58="","",A58&"|"&C58) -> EE10188|INFORME 08/25 | J58: =IF(A58<>"","SÍ","NO") -> SÍ
A59: EE10131 | B59: [EE10131] LAMINA TIYAPUY CHIFLE 142GR X KG | C59: INFORME 02/25 | D59: 46247.693 | E59: SF-03/Materiales | F59: 140.12 | G59: Kilogramo | I59: =IF(A59="","",A59&"|"&C59) -> EE10131|INFORME 02/25 | J59: =IF(A59<>"","SÍ","NO") -> SÍ
A60: EE10015 | B60: [EE10015] LAMINA TIYAPUY AMARILLA 30GR CONVENCIONAL X KG | C60: INFORME 18/25 | D60: 46203.583 | E60: SF-03/Materiales | F60: 1096.9 | G60: Kilogramo | I60: =IF(A60="","",A60&"|"&C60) -> EE10015|INFORME 18/25 | J60: =IF(A60<>"","SÍ","NO") -> SÍ
A61: EE10186 | B61: [EE10186] LAMINA TIYAPUY AMARILLA PICANTE 40G CNV X KG | C61: INFORME 07/25 | D61: 46201.567 | E61: SF-03/Materiales | F61: 44 | G61: Kilogramo | I61: =IF(A61="","",A61&"|"&C61) -> EE10186|INFORME 07/25 | J61: =IF(A61<>"","SÍ","NO") -> SÍ
A62: EE10186 | B62: [EE10186] LAMINA TIYAPUY AMARILLA PICANTE 40G CNV X KG | C62: INFORME 08/25 | D62: 46201.682 | E62: SF-03/Materiales | F62: 350 | G62: Kilogramo | I62: =IF(A62="","",A62&"|"&C62) -> EE10186|INFORME 08/25 | J62: =IF(A62<>"","SÍ","NO") -> SÍ
A63: EE10187 | B63: [EE10187] LAMINA TIYAPUY JALAPEÑO 40 GR CNV X KG | C63: INFORME 10/25 | D63: 46201.683 | E63: SF-03/Materiales | F63: 204.91 | G63: Kilogramo | I63: =IF(A63="","",A63&"|"&C63) -> EE10187|INFORME 10/25 | J63: =IF(A63<>"","SÍ","NO") -> SÍ
A64: EE10122 | B64: [EE10122] LAMINA TIYAPUY AMARILLA PICANTE 142 GR CONVENCIONAL X KG | C64: INFORME 09/25 | D64: 46210.925 | E64: SF-03/Materiales | F64: 528.31 | G64: Kilogramo | I64: =IF(A64="","",A64&"|"&C64) -> EE10122|INFORME 09/25 | J64: =IF(A64<>"","SÍ","NO") -> SÍ
A65: EE10198 | B65: [EE10198] LAMINA TIYAPUY NATIVA MIX 142G REPUBLICA CHECA X KG | C65: INFORME 16/25 | D65: 46221.927 | E65: SF-03/Materiales | F65: 323 | G65: Kilogramo | I65: =IF(A65="","",A65&"|"&C65) -> EE10198|INFORME 16/25 | J65: =IF(A65<>"","SÍ","NO") -> SÍ
A66: EE10075 | B66: [EE10075] CINTA CODIFICADORA TERMOIMPRESIÓN X ROLLO 30MM X 1100 M | E66: SF-03/Materiales | F66: 35.0516 | G66: Unidades | I66: =IF(A66="","",A66&"|"&C66) -> EE10075| | J66: =IF(A66<>"","SÍ","NO") -> SÍ
A67: EE10149 | B67: [EE10149] LAMINA RIKYTOK SIN IMPRESION PAPAS CONG PEBD 2.5KG | C67: INFORME 01/25 | D67: 46167.986 | E67: SF-03/Cuarentena | F67: 57.51 | G67: Kilogramo | I67: =IF(A67="","",A67&"|"&C67) -> EE10149|INFORME 01/25 | J67: =IF(A67<>"","SÍ","NO") -> SÍ
A68: EE10204 | B68: [EE10204] STICKERS NUTRICIONAL PARA ARGENTINA 40G AMARILLA PICANTE | E68: SF-03/Materiales | F68: 23650 | G68: Unidades | I68: =IF(A68="","",A68&"|"&C68) -> EE10204| | J68: =IF(A68<>"","SÍ","NO") -> SÍ
A69: EE10205 | B69: [EE10205] STICKERS NUTRICIONAL PARA ARGENTINA 40G JALAPEÑO | E69: SF-03/Materiales | F69: 12240 | G69: Unidades | I69: =IF(A69="","",A69&"|"&C69) -> EE10205| | J69: =IF(A69<>"","SÍ","NO") -> SÍ
A70: EE10203 | B70: [EE10203] STICKERS NUTRICIONAL PARA ARGENTINA 40G MIX NATIVA | E70: SF-03/Materiales | F70: 19000 | G70: Unidades | I70: =IF(A70="","",A70&"|"&C70) -> EE10203| | J70: =IF(A70<>"","SÍ","NO") -> SÍ
A71: EE10202 | B71: [EE10202] STICKERS NUTRICIONAL PARA ARGENTINA 142G JALAPEÑO | E71: SF-03/Materiales | F71: 23000 | G71: Unidades | I71: =IF(A71="","",A71&"|"&C71) -> EE10202| | J71: =IF(A71<>"","SÍ","NO") -> SÍ
A72: EE10196 | B72: [EE10196] STICKERS NUTRICIONAL PARA ARGENTINA 142G MIX NATIVA | C72: INFORME 01/25 | D72: 46261.414 | E72: SF-03/Materiales | F72: 8800 | G72: Unidades | I72: =IF(A72="","",A72&"|"&C72) -> EE10196|INFORME 01/25 | J72: =IF(A72<>"","SÍ","NO") -> SÍ
A73: EE10044 | B73: [EE10044] LAMINA TIYAPUY CHIPS QUINUA BBQ 100 GR X KG | C73: INFORME 05/25 | D73: 46265.371 | E73: SF-03/Materiales | F73: 29.6202 | G73: Kilogramo | I73: =IF(A73="","",A73&"|"&C73) -> EE10044|INFORME 05/25 | J73: =IF(A73<>"","SÍ","NO") -> SÍ
A74: EE10015 | B74: [EE10015] LAMINA TIYAPUY AMARILLA 30GR CONVENCIONAL X KG | C74: INFORME 19/25 | D74: 46217.8 | E74: SF-03/Materiales | F74: 398.92 | G74: Kilogramo | I74: =IF(A74="","",A74&"|"&C74) -> EE10015|INFORME 19/25 | J74: =IF(A74<>"","SÍ","NO") -> SÍ
A75: EE10045 | B75: [EE10045] LAMINA TIYAPUY CHIPS QUINUA PICANTE 100 GR X KG | C75: INFORME 01/25 | D75: 46248.805 | E75: SF-03/Materiales | F75: 472.784 | G75: Kilogramo | I75: =IF(A75="","",A75&"|"&C75) -> EE10045|INFORME 01/25 | J75: =IF(A75<>"","SÍ","NO") -> SÍ
A76: EE10128 | B76: [EE10128] LAMINA TIYAPUY C/TRAMA 120 GR LA MAR X KG | C76: INFORME 02/25 | D76: 46222.608 | E76: SF-03/Cuarentena | F76: 11.4 | G76: Kilogramo | I76: =IF(A76="","",A76&"|"&C76) -> EE10128|INFORME 02/25 | J76: =IF(A76<>"","SÍ","NO") -> SÍ
A77: EE10153 | B77: [EE10153] LAMINA RIKY TOK 30 GR ONDA JALAPEÑO X KG | C77: INFORME 16/25 | D77: 46254.994 | E77: SF-03/Materiales | F77: 1.369 | G77: Kilogramo | I77: =IF(A77="","",A77&"|"&C77) -> EE10153|INFORME 16/25 | J77: =IF(A77<>"","SÍ","NO") -> SÍ
A78: EE10152 | B78: [EE10152] LAMINA RIKY TOK 30 GR ONDA BBQ X KG | C78: INFORME 09/25 | D78: 46255.999 | E78: SF-03/Materiales | F78: 1483.25 | G78: Kilogramo | I78: =IF(A78="","",A78&"|"&C78) -> EE10152|INFORME 09/25 | J78: =IF(A78<>"","SÍ","NO") -> SÍ
A79: EE10158 | B79: [EE10158] LAMINA RIKY TOK 45 GR PAPAS HILO X KG | C79: INFORME 08/25 | D79: 46157.471 | E79: SF-03/Materiales | F79: 494.2 | G79: Kilogramo | I79: =IF(A79="","",A79&"|"&C79) -> EE10158|INFORME 08/25 | J79: =IF(A79<>"","SÍ","NO") -> SÍ
A80: EE10015 | B80: [EE10015] LAMINA TIYAPUY AMARILLA 30GR CONVENCIONAL X KG | C80: INFORME 08/25 | D80: 46166.63 | E80: SF-03/Materiales | F80: 236.61 | G80: Kilogramo | I80: =IF(A80="","",A80&"|"&C80) -> EE10015|INFORME 08/25 | J80: =IF(A80<>"","SÍ","NO") -> SÍ
A81: EE10106 | B81: [EE10106] LAMINA TIYAPUY PAPAS NATIVAS CONGELADAS PEBD 1KG | C81: INFORME 07/25 | D81: 46262.641 | E81: SF-03/Materiales | F81: 117.2068 | G81: Kilogramo | I81: =IF(A81="","",A81&"|"&C81) -> EE10106|INFORME 07/25 | J81: =IF(A81<>"","SÍ","NO") -> SÍ
A82: EE10152 | B82: [EE10152] LAMINA RIKY TOK 30 GR ONDA BBQ X KG | C82: INFORME 10/25 | D82: 46271.411 | E82: SF-03/Materiales | F82: 804.97 | G82: Kilogramo | I82: =IF(A82="","",A82&"|"&C82) -> EE10152|INFORME 10/25 | J82: =IF(A82<>"","SÍ","NO") -> SÍ
A83: EE10158 | B83: [EE10158] LAMINA RIKY TOK 45 GR PAPAS HILO X KG | C83: INFORME 09/25 | D83: 46273.484 | E83: SF-03/Materiales | F83: 1015.94 | G83: Kilogramo | I83: =IF(A83="","",A83&"|"&C83) -> EE10158|INFORME 09/25 | J83: =IF(A83<>"","SÍ","NO") -> SÍ
... A100: EE10149 | B100: [EE10149] LAMINA RIKYTOK SIN IMPRESION PAPAS CONG PEBD 2.5KG | C100: INFORME 02/25 | D100: 46263.031 | E100: SF-03/Materiales | F100: 318.182 | G100: Kilogramo | I100: =IF(A100="","",A100&"|"&C100) -> EE10149|INFORME 02/25 | J100: =IF(A100<>"","SÍ","NO") -> SÍ
A101: EE10099 | B101: [EE10099] ESQUINERO KRAFT 2300MMX50MMX4.5MM | E101: SF-03/Materiales | F101: 647 | G101: Unidades | I101: =IF(A101="","",A101&"|"&C101) -> EE10099| | J101: =IF(A101<>"","SÍ","NO") -> SÍ
A102: EE10127 | B102: [EE10127] LAMINA TIYAPUY P/LATA CON TRAMA X KG | C102: INFORME 01/25 | D102: 46311.383 | E102: SF-03/Materiales | F102: 33.7026 | G102: Kilogramo | I102: =IF(A102="","",A102&"|"&C102) -> EE10127|INFORME 01/25 | J102: =IF(A102<>"","SÍ","NO") -> SÍ
A103: EE10184 | B103: [EE10184] LAMINA JAPPY CLASICAS 200G X KG | C103: INFORME 13/25 | D103: 46323.752 | E103: SF-03/Materiales | F103: 106 | G103: Kilogramo | I103: =IF(A103="","",A103&"|"&C103) -> EE10184|INFORME 13/25 | J103: =IF(A103<>"","SÍ","NO") -> SÍ
A104: EE10187 | B104: [EE10187] LAMINA TIYAPUY JALAPEÑO 40 GR CNV X KG | C104: INFORME 09/25 | D104: 46201.568 | E104: SF-03/Materiales | F104: 9.48 | G104: Kilogramo | I104: =IF(A104="","",A104&"|"&C104) -> EE10187|INFORME 09/25 | J104: =IF(A104<>"","SÍ","NO") -> SÍ
A105: EE10043 | B105: [EE10043] LAMINA TIYAPUY CHIPS QUINUA BBQ 40 GR X KG | C105: INFORME 06/25 | D105: 46326.558 | E105: SF-03/Materiales | F105: 345.7068 | G105: Kilogramo | I105: =IF(A105="","",A105&"|"&C105) -> EE10043|INFORME 06/25 | J105: =IF(A105<>"","SÍ","NO") -> SÍ
A106: EE10040 | B106: [EE10040] LAMINA TIYAPUY CHIPS QUINUA NATURAL 40 GR X KG | C106: INFORME 03/25 | D106: 46326.557 | E106: SF-03/Materiales | F106: 338.642 | G106: Kilogramo | I106: =IF(A106="","",A106&"|"&C106) -> EE10040|INFORME 03/25 | J106: =IF(A106<>"","SÍ","NO") -> SÍ
A107: EE10149-1 | B107: [EE10149-1] STICKERS RIKYTOK PARA LAMINA CONG SIN IMPRESION PEBD 2.5KG | C107: INFORME 20/25 | D107: 46356.857 | E107: SF-03/Materiales | F107: 25076 | G107: Unidades | I107: =IF(A107="","",A107&"|"&C107) -> EE10149-1|INFORME 20/25 | J107: =IF(A107<>"","SÍ","NO") -> SÍ
A108: EE10223 | B108: [EE10223] LAMINA TIYAPUY NATIVA MIX AJÍ AMARILLO 142G X KG | C108: INFORME 02/25 | D108: 46323.677 | E108: SF-03/Materiales | F108: 568.44 | G108: Kilogramo | I108: =IF(A108="","",A108&"|"&C108) -> EE10223|INFORME 02/25 | J108: =IF(A108<>"","SÍ","NO") -> SÍ
A109: EE10117 | B109: [EE10117] LAMINA TIYAPUY JALAPEÑO 30GR X KG | C109: INFORME 13/25 | D109: 46330.411 | E109: SF-03/Materiales | F109: 428.27 | G109: Kilogramo | I109: =IF(A109="","",A109&"|"&C109) -> EE10117|INFORME 13/25 | J109: =IF(A109<>"","SÍ","NO") -> SÍ
A110: EE10224 | B110: [EE10224] STICKERS NUTRICIONAL PREFRITAS CONGELADAS 1 KG ESPAÑA | C110: INFORME 99/25 | D110: 46295.59 | E110: SF-03/Materiales | F110: 2875 | G110: Unidades | I110: =IF(A110="","",A110&"|"&C110) -> EE10224|INFORME 99/25 | J110: =IF(A110<>"","SÍ","NO") -> SÍ
A111: EE10242 | B111: [EE10242] STICKERS NUTRICIONAL PARA ARGENTINA 142G LIMÓN Y PIMIENTA | C111: INFORME 116/25 | D111: 46699.582 | E111: SF-03/Materiales | F111: 3550 | G111: Unidades | I111: =IF(A111="","",A111&"|"&C111) -> EE10242|INFORME 116/25 | J111: =IF(A111<>"","SÍ","NO") -> SÍ
A112: EE10197 | B112: [EE10197] STICKERS OCTOGONOS PARA ARGENTINA 142G | C112: INFORME 117/25 | D112: 46699.582 | E112: SF-03/Materiales | F112: 4500 | G112: Unidades | I112: =IF(A112="","",A112&"|"&C112) -> EE10197|INFORME 117/25 | J112: =IF(A112<>"","SÍ","NO") -> SÍ
A113: EE10149 | B113: [EE10149] LAMINA RIKYTOK SIN IMPRESION PAPAS CONG PEBD 2.5KG | C113: INFORME 02/25 | D113: 46263.031 | E113: SF-03/Cuarentena | F113: 37.73 | G113: Kilogramo | I113: =IF(A113="","",A113&"|"&C113) -> EE10149|INFORME 02/25 | J113: =IF(A113<>"","SÍ","NO") -> SÍ
... A119: EE10006 | B119: [EE10006] CAJA MASTER TIYAPUY P/TUBO # 6 X UND | C119: INFORME 42 | D119: 46260.536 | E119: SF-03/Materiales | F119: 2000 | G119: Unidades | I119: =IF(A119="","",A119&"|"&C119) -> EE10006|INFORME 42 | J119: =IF(A119<>"","SÍ","NO") -> SÍ
A120: EE10161 | B120: [EE10161] BOLSA TIYAPUY SUPERPACK 160GR X UND | C120: LT-SF-AGR | E120: SF-03/Materiales | F120: 16 | G120: Millar | I120: =IF(A120="","",A120&"|"&C120) -> EE10161|LT-SF-AGR | J120: =IF(A120<>"","SÍ","NO") -> SÍ
A121: EE10053 | B121: [EE10053] LAMINA RIKY TOK 45GR BASTONCITOS QUESO CHEDDAR X KG | C121: INFORME 03/25 | E121: SF-03/Materiales | F121: 0.03 | G121: Kilogramo | I121: =IF(A121="","",A121&"|"&C121) -> EE10053|INFORME 03/25 | J121: =IF(A121<>"","SÍ","NO") -> SÍ
...

Sheet UBICACIONES
A1: Código ubicación | B1: Nombre ubicación | C1: Código de barras | D1: Activa | E1: Observaciones
A2: CONTROL_CALIDAD_0001 | B2: SF-03/Control calidad | C2: CONTROL_CALIDAD_0001 | D2: SÍ | E2: Ubicación interna
A3: SF-03/Cuarentena | B3: SF-03/Cuarentena | C3: SF-03/Cuarentena | D3: SÍ | E3: Ubicación interna
A4: Cuarentena_PT-001 | B4: SF-03/Cuarentena_PT | C4: Cuarentena_PT-001 | D4: SÍ | E4: Ubicación interna
A5: SF-03/Desecho | B5: SF-03/Desecho | C5: SF-03/Desecho | D5: SÍ | E5: Ubicación interna
A6: SF-03/Desmedro Otros | B6: SF-03/Desmedro Otros | C6: SF-03/Desmedro Otros | D6: SÍ | E6: Ubicación interna
A7: WH-INPUT | B7: SF-03/Entrada | C7: WH-INPUT | D7: SÍ | E7: Ubicación interna
A8: SF-03/Materiales | B8: SF-03/Materiales | C8: SF-03/Materiales | D8: SÍ | E8: Ubicación interna
A9: SF-03/Merma | B9: SF-03/Merma | C9: SF-03/Merma | D9: SÍ | E9: Ubicación interna
A10: SF-03/No conforme | B10: SF-03/No conforme | C10: SF-03/No conforme | D10: SÍ | E10: Ubicación interna
A11: SF-03/PT | B11: SF-03/PT | C11: SF-03/PT | D11: SÍ | E11: Ubicación interna
A12: SF-03/PT/DESPACHO | B12: SF-03/PT/DESPACHO | C12: SF-03/PT/DESPACHO | D12: SÍ | E12: Ubicación interna
... A1659: SF-03/Repuestos | B1659: SF-03/Repuestos | C1659: SF-03/Repuestos | D1659: SÍ | E1659: Ubicación interna
A1660: SF-03/Salida | B1660: SF-03/Salida | C1660: SF-03/Salida | E1660: Ubicación interna

Sheet CONTEOS
A1: ID conteo | B1: Fecha y hora | C1: Usuario | D1: Tipo identificación | E1: Texto OCR o código leído | F1: Referencia interna | G1: Producto | H1: Lote | I1: Fecha de vencimiento | J1: Unidad de medida | K1: Stock sistema | L1: Ubicación física | M1: Código ubicación | N1: Cantidad física | O1: Diferencia acumulada | P1: Estado | Q1: Observación | R1: Foto etiqueta

Sheet RESUMEN_AJUSTE
A1: Referencia interna | B1: Producto | C1: Lote | D1: Fecha de vencimiento | E1: Lugar sistema | F1: Unidad | G1: Stock sistema | H1: Stock físico | I1: Diferencia | J1: Estado | K1: Observación
A2: =STOCK_SISTEMA!A2 -> EE10005 | B2: =STOCK_SISTEMA!B2 -> [EE10005] CAJA MASTER TIYAPUY CAFÉ # 5 X UND | C2: =IF(STOCK_SISTEMA!C2="","",STOCK_SISTEMA!C2) -> 16/25 | D2: =IF(STOCK_SISTEMA!D2="","",STOCK_SISTEMA!D2) -> 46387 | E2: =STOCK_SISTEMA!E2 -> SF-03/Materiales | F2: =STOCK_SISTEMA!G2 -> Unidades | G2: =STOCK_SISTEMA!F2 -> 80 | H2: =SUMIFS(CONTEOS!$N$2:$N$4000,CONTEOS!$F$2:$F$4000,A2,CONTEOS!$H$2:$H$4000,C2) -> 0 | I2: =H2-G2 -> -80 | J2: =IF(COUNTIFS(CONTEOS!$F$2:$F$4000,A2,CONTEOS!$H$2:$H$4000,C2)=0,"PENDIENTE",IF(I2=0,"CUADRA",IF(I2>0,"SOBRANTE","FALTANTE"))) -> PENDIENTE
A3: =STOCK_SISTEMA!A3 -> EE10073 | B3: =STOCK_SISTEMA!B3 -> [EE10073] CINTA DE EMBALAJE 2" X 110 YD X ROLLO | C3: =IF(STOCK_SISTEMA!C3="","",STOCK_SISTEMA!C3) | D3: =IF(STOCK_SISTEMA!D3="","",STOCK_SISTEMA!D3) | E3: =STOCK_SISTEMA!E3 -> SF-03/Materiales | F3: =STOCK_SISTEMA!G3 -> Unidades | G3: =STOCK_SISTEMA!F3 -> 462.7654 | H3: =SUMIFS(CONTEOS!$N$2:$N$4000,CONTEOS!$F$2:$F$4000,A3,CONTEOS!$H$2:$H$4000,C3) -> 0 | I3: =H3-G3 -> -462.7654 | J3: =IF(COUNTIFS(CONTEOS!$F$2:$F$4000,A3,CONTEOS!$H$2:$H$4000,C3)=0,"PENDIENTE",IF(I3=0,"CUADRA",IF(I3>0,"SOBRANTE","FALTANTE"))) -> PENDIENTE
A4: =STOCK_SISTEMA!A4 -> EE10072 | B4: =STOCK_SISTEMA!B4 -> [EE10072] ETIQUETA BLANCA CAJA TT-50MMx100MM 1C-T1x1000 | C4: =IF(STOCK_SISTEMA!C4="","",STOCK_SISTEMA!C4) | D4: =IF(STOCK_SISTEMA!D4="","",STOCK_SISTEMA!D4) | E4: =STOCK_SISTEMA!E4 -> SF-03/Materiales | F4: =STOCK_SISTEMA!G4 -> Unidades | G4: =STOCK_SISTEMA!F4 -> 223 | H4: =SUMIFS(CONTEOS!$N$2:$N$4000,CONTEOS!$F$2:$F$4000,A4,CONTEOS!$H$2:$H$4000,C4) -> 0 | I4: =H4-G4 -> -223 | J4: =IF(COUNTIFS(CONTEOS!$F$2:$F$4000,A4,CONTEOS!$H$2:$H$4000,C4)=0,"PENDIENTE",IF(I4=0,"CUADRA",IF(I4>0,"SOBRANTE","FALTANTE"))) -> PENDIENTE
A5: =STOCK_SISTEMA!A5 -> EE10071 | B5: =STOCK_SISTEMA!B5 -> [EE10071] ETIQUETA DE FECHAS TT-17 MMx23MM X ROLLO | C5: =IF(STOCK_SISTEMA!C5="","",STOCK_SISTEMA!C5) | D5: =IF(STOCK_SISTEMA!D5="","",STOCK_SISTEMA!D5) | E5: =STOCK_SISTEMA!E5 -> SF-03/Materiales | F5: =STOCK_SISTEMA!G5 -> Unidades | G5: =STOCK_SISTEMA!F5 -> 16 | H5: =SUMIFS(CONTEOS!$N$2:$N$4000,CONTEOS!$F$2:$F$4000,A5,CONTEOS!$H$2:$H$4000,C5) -> 0 | I5: =H5-G5 -> -16 | J5: =IF(COUNTIFS(CONTEOS!$F$2:$F$4000,A5,CONTEOS!$H$2:$H$4000,C5)=0,"PENDIENTE",IF(I5=0,"CUADRA",IF(I5>0,"SOBRANTE","FALTANTE"))) -> PENDIENTE
A6: =STOCK_SISTEMA!A6 -> EE10076 | B6: =STOCK_SISTEMA!B6 -> [EE10076] RIBBON 110MMx300MTS NEGRO CERA OUT | C6: =IF(STOCK_SISTEMA!C6="","",STOCK_SISTEMA!C6) | D6: =IF(STOCK_SISTEMA!D6="","",STOCK_SISTEMA!D6) | E6: =STOCK_SISTEMA!E6 -> SF-03/Materiales | F6: =STOCK_SISTEMA!G6 -> Unidades | G6: =STOCK_SISTEMA!F6 -> 86.6136 | H6: =SUMIFS(CONTEOS!$N$2:$N$4000,CONTEOS!$F$2:$F$4000,A6,CONTEOS!$H$2:$H$4000,C6) -> 0 | I6: =H6-G6 -> -86.6136 | J6: =IF(COUNTIFS(CONTEOS!$F$2:$F$4000,A6,CONTEOS!$H$2:$H$4000,C6)=0,"PENDIENTE",IF(I6=0,"CUADRA",IF(I6>0,"SOBRANTE","FALTANTE"))) -> PENDIENTE
A7: =STOCK_SISTEMA!A7 -> EE10078 | B7: =STOCK_SISTEMA!B7 -> [EE10078] CINTA 1" X 110 YD TRANSPARENTE X ROLLO | C7: =IF(STOCK_SISTEMA!C7="","",STOCK_SISTEMA!C7) | D7: =IF(STOCK_SISTEMA!D7="","",STOCK_SISTEMA!D7) | E7: =STOCK_SISTEMA!E7 -> SF-03/Materiales | F7: =STOCK_SISTEMA!G7 -> Unidades | G7: =STOCK_SISTEMA!F7 -> 156.658 | H7: =SUMIFS(CONTEOS!$N$2:$N$4000,CONTEOS!$F$2:$F$4000,A7,CONTEOS!$H$2:$H$4000,C7) -> 0 | I7: =H7-G7 -> -156.658 | J7: =IF(COUNTIFS(CONTEOS!$F$2:$F$4000,A7,CONTEOS!$H$2:$H$4000,C7)=0,"PENDIENTE",IF(I7=0,"CUADRA",IF(I7>0,"SOBRANTE","FALTANTE"))) -> PENDIENTE
A8: =STOCK_SISTEMA!A8 -> EE10115 | B8: =STOCK_SISTEMA!B8 -> [EE10115] CINTA CODIFICADORA TERMOIMPRESIÓN X ROLLO 34MM X 600M | C8: =IF(STOCK_SISTEMA!C8="","",STOCK_SISTEMA!C8) | D8: =IF(STOCK_SISTEMA!D8="","",STOCK_SISTEMA!D8) | E8: =STOCK_SISTEMA!E8 -> SF-03/Materiales | F8: =STOCK_SISTEMA!G8 -> Unidades | G8: =STOCK_SISTEMA!F8 -> 2.8078 | H8: =SUMIFS(CONTEOS!$N$2:$N$4000,CONTEOS!$F$2:$F$4000,A8,CONTEOS!$H$2:$H$4000,C8) -> 0 | I8: =H8-G8 -> -2.8078 | J8: =IF(COUNTIFS(CONTEOS!$F$2:$F$4000,A8,CONTEOS!$H$2:$H$4000,C8)=0,"PENDIENTE",IF(I8=0,"CUADRA",IF(I8>0,"SOBRANTE","FALTANTE"))) -> PENDIENTE
A9: =STOCK_SISTEMA!A9 -> EE10079 | B9: =STOCK_SISTEMA!B9 -> [EE10079] CINTILLOS TIRA 1.7CM X 43.5CM X UND | C9: =IF(STOCK_SISTEMA!C9="","",STOCK_SISTEMA!C9) | D9: =IF(STOCK_SISTEMA!D9="","",STOCK_SISTEMA!D9) | E9: =STOCK_SISTEMA!E9 -> SF-03/Materiales | F9: =STOCK_SISTEMA!G9 -> Unidades | G9: =STOCK_SISTEMA!F9 -> 690000 | H9: =SUMIFS(CONTEOS!$N$2:$N$4000,CONTEOS!$F$2:$F$4000,A9,CONTEOS!$H$2:$H$4000,C9) -> 0 | I9: =H9-G9 -> -690000 | J9: =IF(COUNTIFS(CONTEOS!$F$2:$F$4000,A9,CONTEOS!$H$2:$H$4000,C9)=0,"PENDIENTE",IF(I9=0,"CUADRA",IF(I9>0,"SOBRANTE","FALTANTE"))) -> PENDIENTE
A10: =STOCK_SISTEMA!A10 -> EE10120 | B10: =STOCK_SISTEMA!B10 -> [EE10120] CINTILLOS TIRA 1.7CM X 50 CM X UND | C10: =IF(STOCK_SISTEMA!C10="","",STOCK_SISTEMA!C10) | D10: =IF(STOCK_SISTEMA!D10="","",STOCK_SISTEMA!D10) | E10: =STOCK_SISTEMA!E10 -> SF-03/Materiales | F10: =STOCK_SISTEMA!G10 -> Unidades | G10: =STOCK_SISTEMA!F10 -> 20000 | H10: =SUMIFS(CONTEOS!$N$2:$N$4000,CONTEOS!$F$2:$F$4000,A10,CONTEOS!$H$2:$H$4000,C10) -> 0 | I10: =H10-G10 -> -20000 | J10: =IF(COUNTIFS(CONTEOS!$F$2:$F$4000,A10,CONTEOS!$H$2:$H$4000,C10)=0,"PENDIENTE",IF(I10=0,"CUADRA",IF(I10>0,"SOBRANTE","FALTANTE"))) -> PENDIENTE
A11: =STOCK_SISTEMA!A11 -> EE10010 | B11: =STOCK_SISTEMA!B11 -> [EE10010] CAJITA CAFÉ 86 PTOS ORG X UND | C11: =IF(STOCK_SISTEMA!C11="","",STOCK_SISTEMA!C11) -> INFORME 20 | D11: =IF(STOCK_SISTEMA!D11="","",STOCK_SISTEMA!D11) -> 46387.735 | E11: =STOCK_SISTEMA!E11 -> SF-03/Materiales | F11: =STOCK_SISTEMA!G11 -> Unidades | G11: =STOCK_SISTEMA!F11 -> 800 | H11: =SUMIFS(CONTEOS!$N$2:$N$4000,CONTEOS!$F$2:$F$4000,A11,CONTEOS!$H$2:$H$4000,C11) -> 0 | I11: =H11-G11 -> -800 | J11: =IF(COUNTIFS(CONTEOS!$F$2:$F$4000,A11,CONTEOS!$H$2:$H$4000,C11)=0,"PENDIENTE",IF(I11=0,"CUADRA",IF(I11>0,"SOBRANTE","FALTANTE"))) -> PENDIENTE
A12: =STOCK_SISTEMA!A12 -> EE10010 | B12: =STOCK_SISTEMA!B12 -> [EE10010] CAJITA CAFÉ 86 PTOS ORG X UND | C12: =IF(STOCK_SISTEMA!C12="","",STOCK_SISTEMA!C12) -> INFORME 31 | D12: =IF(STOCK_SISTEMA!D12="","",STOCK_SISTEMA!D12) -> 46387.676 | E12: =STOCK_SISTEMA!E12 -> SF-03/Materiales | F12: =STOCK_SISTEMA!G12 -> Unidades | G12: =STOCK_SISTEMA!F12 -> 600 | H12: =SUMIFS(CONTEOS!$N$2:$N$4000,CONTEOS!$F$2:$F$4000,A12,CONTEOS!$H$2:$H$4000,C12) -> 0 | I12: =H12-G12 -> -600 | J12: =IF(COUNTIFS(CONTEOS!$F$2:$F$4000,A12,CONTEOS!$H$2:$H$4000,C12)=0,"PENDIENTE",IF(I12=0,"CUADRA",IF(I12>0,"SOBRANTE","FALTANTE"))) -> PENDIENTE
A13: =STOCK_SISTEMA!A13 -> EE10008 | B13: =STOCK_SISTEMA!B13 -> [EE10008] CAJA MASTER TIYAPUY QUINUA GRANO # 8 X UND | C13: =IF(STOCK_SISTEMA!C13="","",STOCK_SISTEMA!C13) -> INFORME 33 | D13: =IF(STOCK_SISTEMA!D13="","",STOCK_SISTEMA!D13) | E13: =STOCK_SISTEMA!E13 -> SF-03/Materiales | F13: =STOCK_SISTEMA!G13 -> Unidades | G13: =STOCK_SISTEMA!F13 -> 625 | H13: =SUMIFS(CONTEOS!$N$2:$N$4000,CONTEOS!$F$2:$F$4000,A13,CONTEOS!$H$2:$H$4000,C13) -> 0 | I13: =H13-G13 -> -625 | J13: =IF(COUNTIFS(CONTEOS!$F$2:$F$4000,A13,CONTEOS!$H$2:$H$4000,C13)=0,"PENDIENTE",IF(I13=0,"CUADRA",IF(I13>0,"SOBRANTE","FALTANTE"))) -> PENDIENTE
... A337: =STOCK_SISTEMA!A337 -> MP10030 | B337: =STOCK_SISTEMA!B337 -> [MP10030] ALMIDÓN DE MAIZ X KG | C337: =IF(STOCK_SISTEMA!C337="","",STOCK_SISTEMA!C337) -> INFORME 03/26 | D337: =IF(STOCK_SISTEMA!D337="","",STOCK_SISTEMA!D337) -> 46844.369 | E337: =STOCK_SISTEMA!E337 -> SF-03/Materiales | F337: =STOCK_SISTEMA!G337 -> Kilogramo | G337: =STOCK_SISTEMA!F337 -> 32.255 | H337: =SUMIFS(CONTEOS!$N$2:$N$4000,CONTEOS!$F$2:$F$4000,A337,CONTEOS!$H$2:$H$4000,C337) -> 0 | I337: =H337-G337 -> -32.255 | J337: =IF(COUNTIFS(CONTEOS!$F$2:$F$4000,A337,CONTEOS!$H$2:$H$4000,C337)=0,"PENDIENTE",IF(I337=0,"CUADRA",IF(I337>0,"SOBRANTE","FALTANTE"))) -> PENDIENTE

Sheet INCIDENCIAS
A1: Fecha | B1: Tipo incidencia | C1: Referencia interna | D1: Producto | E1: Lote | F1: Ubicación | G1: Detalle | H1: Estado revisión

Sheet GUIA_USO
A1: APP DE INVENTARIO – GUÍA DE PREPARACIÓN
A3: Paso | B3: Acción
A4: 1 | B4: Suba este archivo a Google Drive y ábralo con Hojas de cálculo de Google.
A5: 2 | B5: Complete Código de barras producto en STOCK_SISTEMA cuando sea diferente de la referencia interna.
A6: 3 | B6: Registre todas las ubicaciones y sus códigos de barras en UBICACIONES.
A7: 4 | B7: La aplicación web guardará una fila por producto, lote y ubicación en CONTEOS.
A8: 5 | B8: RESUMEN_AJUSTE totaliza el conteo por referencia y lote y calcula la diferencia.
A9: 6 | B9: Revise faltantes, sobrantes y datos no reconocidos antes de efectuar ajustes en Odoo.
A10: 7 | B10: No modifique los encabezados: serán utilizados por la aplicación web.
